{
  "flight": "flight-02p-ellipse",
  "cam0_extrinsics_quat_jpl_xyzw": [
    -0.3658138481149133,
    0.36881232227978966,
    -0.6096897468581888,
    0.5986953415869756
  ],
  "cam0_extrinsics_p_IinC": [
    0.004,
    0.032,
    -0.129
  ],
  "cam0_intrinsics": [
    287.707,
    383.498,
    317.957,
    243.668
  ],
  "cam0_distortion_equidistant": [
    0.047,
    -0.025,
    0.031,
    -0.013
  ],
  "camera_imu_timeoffset": -0.01037,
  "T_imu_cam_R_CtoI": [
    [
      -0.01548823297882751,
      0.46020351282394506,
      0.8876783434463715
    ],
    [
      -0.9998701322054149,
      -0.011082717793286179,
      -0.011700089309083339
    ],
    [
      0.0044534663712340605,
      -0.8877442763266994,
      0.4603153989238955
    ]
  ],
  "T_imu_cam_p_CinI": [
    0.099845946826131,
    0.0028448159773350663,
    0.08777068943815197
  ]
}